[{"pk": "12e078d03bfe3040", "model": "api.userprofile", "fields": {"totalTime": 0, "totalDistance": 0, "gender": "", "age": null, "stagesCompleted": 0, "user": 29, "accepted": false}}, {"pk": "18f887756cd94ad5", "model": "api.userprofile", "fields": {"totalTime": 0, "totalDistance": 0, "gender": "", "age": null, "stagesCompleted": 0, "user": 18, "accepted": false}}, {"pk": "1f302bf94cdfa3c8", "model": "api.userprofile", "fields": {"totalTime": 0, "totalDistance": 0, "gender": "", "age": null, "stagesCompleted": 0, "user": 48, "accepted": false}}, {"pk": "243a5da1412931fd", "model": "api.userprofile", "fields": {"totalTime": 0, "totalDistance": 0, "gender": "", "age": null, "stagesCompleted": 0, "user": 40, "accepted": false}}, {"pk": "27b2c50fbc7034c7", "model": "api.userprofile", "fields": {"totalTime": 0, "totalDistance": 0, "gender": "", "age": null, "stagesCompleted": 0, "user": 51, "accepted": false}}, {"pk": "28037ae473817a07", "model": "api.userprofile", "fields": {"totalTime": 0, "totalDistance": 0, "gender": "", "age": null, "stagesCompleted": 0, "user": 5, "accepted": false}}, {"pk": "2a46006a774cd542", "model": "api.userprofile", "fields": {"totalTime": 6881906, "totalDistance": 15141, "gender": "", "age": null, "stagesCompleted": 39, "user": 41, "accepted": false}}, {"pk": "32b57d3ca88fbe6c", "model": "api.userprofile", "fields": {"totalTime": 0, "totalDistance": 0, "gender": "", "age": null, "stagesCompleted": 0, "user": 50, "accepted": false}}, {"pk": "367542602d7d9cda", "model": "api.userprofile", "fields": {"totalTime": 20109, "totalDistance": 23, "gender": "", "age": null, "stagesCompleted": 0, "user": 10, "accepted": false}}, {"pk": "3bc48a82f04dd51d", "model": "api.userprofile", "fields": {"totalTime": 0, "totalDistance": 0, "gender": "", "age": null, "stagesCompleted": 0, "user": 6, "accepted": false}}, {"pk": "465ca59228c4f805", "model": "api.userprofile", "fields": {"totalTime": 1761, "totalDistance": 0, "gender": "", "age": null, "stagesCompleted": 0, "user": 27, "accepted": false}}, {"pk": "56a8db4c54d600b4", "model": "api.userprofile", "fields": {"totalTime": 121669, "totalDistance": 2, "gender": "", "age": null, "stagesCompleted": 0, "user": 52, "accepted": false}}, {"pk": "579db21b817d97cd", "model": "api.userprofile", "fields": {"totalTime": 0, "totalDistance": 0, "gender": "", "age": null, "stagesCompleted": 0, "user": 25, "accepted": false}}, {"pk": "5c4b2f47338b1ac4", "model": "api.userprofile", "fields": {"totalTime": 0, "totalDistance": 0, "gender": "", "age": null, "stagesCompleted": 0, "user": 4, "accepted": false}}, {"pk": "5c7b43933f5e46f7", "model": "api.userprofile", "fields": {"totalTime": 0, "totalDistance": 0, "gender": "", "age": null, "stagesCompleted": 0, "user": 39, "accepted": false}}, {"pk": "5e029a949fdfad8f", "model": "api.userprofile", "fields": {"totalTime": 8169640, "totalDistance": 4038, "gender": "", "age": null, "stagesCompleted": 0, "user": 35, "accepted": false}}, {"pk": "60593d7200ff9893", "model": "api.userprofile", "fields": {"totalTime": 0, "totalDistance": 0, "gender": "", "age": null, "stagesCompleted": 0, "user": 38, "accepted": false}}, {"pk": "60b3ab00f276c4d5", "model": "api.userprofile", "fields": {"totalTime": 0, "totalDistance": 0, "gender": "", "age": null, "stagesCompleted": 0, "user": 19, "accepted": false}}, {"pk": "698d5488cd43a2ed", "model": "api.userprofile", "fields": {"totalTime": 0, "totalDistance": 0, "gender": "", "age": null, "stagesCompleted": 0, "user": 36, "accepted": false}}, {"pk": "779b785d52c70eb7", "model": "api.userprofile", "fields": {"totalTime": 0, "totalDistance": 0, "gender": "", "age": null, "stagesCompleted": 0, "user": 23, "accepted": false}}, {"pk": "7b407e053666e74e", "model": "api.userprofile", "fields": {"totalTime": 0, "totalDistance": 0, "gender": "", "age": null, "stagesCompleted": 0, "user": 17, "accepted": false}}, {"pk": "7d94095209b6e051", "model": "api.userprofile", "fields": {"totalTime": 0, "totalDistance": 0, "gender": "", "age": null, "stagesCompleted": 0, "user": 31, "accepted": false}}, {"pk": "7ee212a0e8319b69", "model": "api.userprofile", "fields": {"totalTime": 80810, "totalDistance": 74, "gender": "", "age": null, "stagesCompleted": 0, "user": 33, "accepted": false}}, {"pk": "821bb071fe1afaa2", "model": "api.userprofile", "fields": {"totalTime": 0, "totalDistance": 0, "gender": "", "age": null, "stagesCompleted": 0, "user": 9, "accepted": false}}, {"pk": "82ebc17092822efd", "model": "api.userprofile", "fields": {"totalTime": 0, "totalDistance": 0, "gender": "", "age": null, "stagesCompleted": 0, "user": 14, "accepted": false}}, {"pk": "880b6c3c72925ef", "model": "api.userprofile", "fields": {"totalTime": 0, "totalDistance": 0, "gender": "", "age": null, "stagesCompleted": 0, "user": 26, "accepted": false}}, {"pk": "8afd85c326d69f72", "model": "api.userprofile", "fields": {"totalTime": 0, "totalDistance": 0, "gender": "", "age": null, "stagesCompleted": 0, "user": 21, "accepted": false}}, {"pk": "9484f35fe45a0870", "model": "api.userprofile", "fields": {"totalTime": 11871307, "totalDistance": 11805, "gender": "M", "age": "2014-03-27", "stagesCompleted": 5, "user": 12, "accepted": false}}, {"pk": "96174d9c90daa43f", "model": "api.userprofile", "fields": {"totalTime": 0, "totalDistance": 0, "gender": "", "age": null, "stagesCompleted": 0, "user": 24, "accepted": false}}, {"pk": "974f534880f3d1de", "model": "api.userprofile", "fields": {"totalTime": 0, "totalDistance": 0, "gender": "", "age": null, "stagesCompleted": 0, "user": 46, "accepted": false}}, {"pk": "Ryan", "model": "api.userprofile", "fields": {"totalTime": 0, "totalDistance": 0, "gender": "", "age": null, "stagesCompleted": 0, "user": 2, "accepted": false}}, {"pk": "a1042bb3605495fd", "model": "api.userprofile", "fields": {"totalTime": 0, "totalDistance": 0, "gender": "", "age": null, "stagesCompleted": 0, "user": 45, "accepted": false}}, {"pk": "a88dd6d83a20e387", "model": "api.userprofile", "fields": {"totalTime": 0, "totalDistance": 0, "gender": "", "age": null, "stagesCompleted": 0, "user": 15, "accepted": false}}, {"pk": "a9eb525a1f4893c1", "model": "api.userprofile", "fields": {"totalTime": 0, "totalDistance": 0, "gender": "", "age": null, "stagesCompleted": 0, "user": 13, "accepted": false}}, {"pk": "aaa4eef1e95c2a48", "model": "api.userprofile", "fields": {"totalTime": 0, "totalDistance": 0, "gender": "", "age": null, "stagesCompleted": 0, "user": 32, "accepted": false}}, {"pk": "b14730a1bb8b9779", "model": "api.userprofile", "fields": {"totalTime": 0, "totalDistance": 0, "gender": "", "age": null, "stagesCompleted": 0, "user": 28, "accepted": false}}, {"pk": "bcb397b4fd0d983a", "model": "api.userprofile", "fields": {"totalTime": 0, "totalDistance": 0, "gender": "", "age": null, "stagesCompleted": 0, "user": 22, "accepted": false}}, {"pk": "be9f31685098d56c", "model": "api.userprofile", "fields": {"totalTime": 18000, "totalDistance": 15, "gender": "", "age": null, "stagesCompleted": 0, "user": 54, "accepted": false}}, {"pk": "c0b4607558e101bd", "model": "api.userprofile", "fields": {"totalTime": 0, "totalDistance": 0, "gender": "", "age": null, "stagesCompleted": 0, "user": 7, "accepted": false}}, {"pk": "c3208368fcb4c67a", "model": "api.userprofile", "fields": {"totalTime": 0, "totalDistance": 0, "gender": "", "age": null, "stagesCompleted": 0, "user": 11, "accepted": false}}, {"pk": "d3ff351879e910ba", "model": "api.userprofile", "fields": {"totalTime": 70000, "totalDistance": 103, "gender": "", "age": null, "stagesCompleted": 0, "user": 44, "accepted": false}}, {"pk": "d6ec77f26d4fc7d5", "model": "api.userprofile", "fields": {"totalTime": 0, "totalDistance": 0, "gender": "", "age": null, "stagesCompleted": 0, "user": 16, "accepted": false}}, {"pk": "dae198c02b2416fb", "model": "api.userprofile", "fields": {"totalTime": 0, "totalDistance": 0, "gender": "", "age": null, "stagesCompleted": 0, "user": 47, "accepted": false}}, {"pk": "db6dc332db4997cc", "model": "api.userprofile", "fields": {"totalTime": 0, "totalDistance": 0, "gender": "", "age": null, "stagesCompleted": 0, "user": 37, "accepted": false}}, {"pk": "dc4455570f03d885", "model": "api.userprofile", "fields": {"totalTime": 0, "totalDistance": 0, "gender": "", "age": null, "stagesCompleted": 0, "user": 34, "accepted": false}}, {"pk": "e298584a52552dc2", "model": "api.userprofile", "fields": {"totalTime": 0, "totalDistance": 0, "gender": "", "age": null, "stagesCompleted": 0, "user": 49, "accepted": false}}, {"pk": "e4ade9027f33ceee", "model": "api.userprofile", "fields": {"totalTime": 34846462, "totalDistance": 20027, "gender": "M", "age": "2014-03-27", "stagesCompleted": 11, "user": 20, "accepted": false}}, {"pk": "e87d3aa9503ea511", "model": "api.userprofile", "fields": {"totalTime": 0, "totalDistance": 0, "gender": "", "age": null, "stagesCompleted": 0, "user": 53, "accepted": false}}, {"pk": "ea2a508d64d30d0f", "model": "api.userprofile", "fields": {"totalTime": 0, "totalDistance": 0, "gender": "", "age": null, "stagesCompleted": 0, "user": 8, "accepted": false}}, {"pk": "ec4f5535279c05f5", "model": "api.userprofile", "fields": {"totalTime": 0, "totalDistance": 0, "gender": "", "age": null, "stagesCompleted": 0, "user": 43, "accepted": false}}, {"pk": "ee5ab921a6ebb92f", "model": "api.userprofile", "fields": {"totalTime": 0, "totalDistance": 0, "gender": "", "age": null, "stagesCompleted": 0, "user": 42, "accepted": false}}, {"pk": "f7e530c38a4f3c32", "model": "api.userprofile", "fields": {"totalTime": 27018047, "totalDistance": 9467, "gender": "", "age": null, "stagesCompleted": 0, "user": 3, "accepted": false}}, {"pk": 1, "model": "api.stage", "fields": {"distance": 1500.0, "image": "http://s0.geograph.org.uk/photos/07/01/070139_4b1eb5fe.jpg", "previousStage": null, "name": "Brodick Town", "nextStage": 2}}, {"pk": 2, "model": "api.stage", "fields": {"distance": 3500.0, "image": "http://farm9.static.flickr.com/8479/8229911600_8ca2044f3c.jpg", "previousStage": 1, "name": "Strathwhillan Wood", "nextStage": 3}}, {"pk": 3, "model": "api.stage", "fields": {"distance": 1000.0, "image": "http://www.evergreenisleofarran.co.uk/mediac/400_0/media/lamlash~bay.jpg", "previousStage": 2, "name": "Lamlash Bay", "nextStage": null}}, {"pk": 4, "model": "api.stage", "fields": {"distance": 1000.0, "image": "http://media-cdn.tripadvisor.com/media/photo-s/04/35/2d/75/lamlash-bay-from-front.jpg", "previousStage": null, "name": "The Cuddy", "nextStage": 5}}, {"pk": 5, "model": "api.stage", "fields": {"distance": 2000.0, "image": "http://www.walkhighlands.co.uk/arran/7_13/7_13_2l.JPG", "previousStage": 4, "name": "Whitefield", "nextStage": 6}}, {"pk": 6, "model": "api.stage", "fields": {"distance": 1500.0, "image": "http://www.walkhighlands.co.uk/arran/7_13/7_13_3l.JPG", "previousStage": 5, "name": "Kings Cross Burn", "nextStage": null}}, {"pk": 7, "model": "api.stage", "fields": {"distance": 2900.0, "image": "http://farm6.staticflickr.com/5327/9523589301_c9a32596d9_z.jpg", "previousStage": null, "name": "Whiting Bay to Largybeg", "nextStage": 9}}, {"pk": 8, "model": "api.stage", "fields": {"distance": 1600.0, "image": "http://www.scottishbooktrust.com/files/styles/my_favourite_place_story_cover/public/my-favourite-place/1-View_from_Ballymeanoch_2_5.JPG?itok=GM0Tf9Ne", "previousStage": 9, "name": "Burnside House to Ballymeanoch Wood", "nextStage": null}}, {"pk": 9, "model": "api.stage", "fields": {"distance": 1600.0, "image": "http://www.visitscotland.com/cms-images/2x1/regions/ayrshire-arran/brodick-bay-village", "previousStage": 7, "name": "Largybeg to Burnside House", "nextStage": 8}}, {"pk": 10, "model": "api.stage", "fields": {"distance": 4200.0, "image": "http://images.fineartamerica.com/images-medium-large-5/5th-avenue-yellow-cab-nyc-melanie-viola.jpg", "previousStage": null, "name": "5th Avenue", "nextStage": 11}}, {"pk": 11, "model": "api.stage", "fields": {"distance": 900.0, "image": "http://ak8.picdn.net/shutterstock/videos/1280185/preview/stock-footage-skyline-aerial-view-of-the-upper-east-side-and-central-park-manhattan-new-york-city-north-america.jpg", "previousStage": 10, "name": "West 110th St", "nextStage": 12}}, {"pk": 12, "model": "api.stage", "fields": {"distance": 4200.0, "image": "http://www.vanityfair.com/culture/features/2008/09/centralparkwest200809/_jcr_content/par/cn_contentwell/par-main/cn_pagination_contai/cn_image.size.cuar01_centralparkwest0809.jpg", "previousStage": 11, "name": "Central Park West", "nextStage": 13}}, {"pk": 13, "model": "api.stage", "fields": {"distance": 800.0, "image": "https://www.icmmes.org/icmmes2014/images/NYC/central-park-01.jpg", "previousStage": 12, "name": "West 59th St", "nextStage": null}}, {"pk": 14, "model": "api.stage", "fields": {"distance": 700.0, "image": "http://www.bridgeandtunnelclub.com/bigmap/manhattan/lowermanhattan/cityhallpark/cityhall/01cityhall.jpg", "previousStage": null, "name": "Leaving City Hall", "nextStage": 15}}, {"pk": 15, "model": "api.stage", "fields": {"distance": 300.0, "image": "http://1.bp.blogspot.com/_RvpVKx8hQpQ/SpHgiaQoqQI/AAAAAAAABhM/mfjqm_VVrGc/s400/ManhattanBridgeEntrance.JPG", "previousStage": 14, "name": "Centre of Bridge", "nextStage": 16}}, {"pk": 16, "model": "api.stage", "fields": {"distance": 400.0, "image": "http://www.bridgeandtunnelclub.com/bigmap/citywide/3bridgewalk/29bklynbrtruss.jpg", "previousStage": 15, "name": "Off Bridge", "nextStage": 17}}, {"pk": 17, "model": "api.stage", "fields": {"distance": 500.0, "image": "http://nextcity.org/images/daily/_resized/header_BBP.jpg", "previousStage": 16, "name": "Park Greenway", "nextStage": null}}, {"pk": 18, "model": "api.stage", "fields": {"distance": 1500.0, "image": "http://www.nycgo.com/images/uploadedimages/devnycvisitcom/venue/new_york_public_library_v2_460x285.jpg", "previousStage": null, "name": "To New York Public Library", "nextStage": 19}}, {"pk": 19, "model": "api.stage", "fields": {"distance": 1000.0, "image": "http://www.timessquarenyc.org/events/new-years-eve/image.aspx?id=1839&width=681&height=269", "previousStage": 18, "name": "Times Square", "nextStage": 20}}, {"pk": 20, "model": "api.stage", "fields": {"distance": 1200.0, "image": "http://soulofthegarden.com/Images/NYCentalParkSouth.jpg", "previousStage": 19, "name": "Central Park East Corner", "nextStage": null}}, {"pk": 1, "model": "api.mission", "fields": {"name": "Isle of Arran", "description": "Run around the beautiful countryside of Arran!"}}, {"pk": 2, "model": "api.mission", "fields": {"name": "Manhattan Island", "description": "Take in the routes of the city that never sleeps!"}}, {"pk": 1, "model": "api.route", "fields": {"startStage": 1, "name": "Brodick to Lamlash", "mission": 1, "length": 6000, "endStage": 3, "stages": [1, 2, 3], "lockedBy": null, "nextRoute": 2}}, {"pk": 2, "model": "api.route", "fields": {"startStage": 4, "name": "Lamlash to Whiting Bay", "mission": 1, "length": 4500, "endStage": 6, "stages": [4, 5, 6], "lockedBy": 1, "nextRoute": 3}}, {"pk": 3, "model": "api.route", "fields": {"startStage": 7, "name": "Ballymeanoch Wood", "mission": 1, "length": 6100, "endStage": 8, "stages": [7, 8, 9], "lockedBy": 2, "nextRoute": 1}}, {"pk": 4, "model": "api.route", "fields": {"startStage": 10, "name": "Central Park Circuit", "mission": 2, "length": 10100, "endStage": 13, "stages": [10, 11, 12, 13], "lockedBy": null, "nextRoute": 5}}, {"pk": 5, "model": "api.route", "fields": {"startStage": 14, "name": "Brooklyn Bridge", "mission": 2, "length": 1900, "endStage": 17, "stages": [14, 15, 16, 17], "lockedBy": 4, "nextRoute": 6}}, {"pk": 6, "model": "api.route", "fields": {"startStage": 18, "name": "Broadway!", "mission": 2, "length": 3700, "endStage": 20, "stages": [18, 19, 20], "lockedBy": 5, "nextRoute": 4}}, {"pk": 1, "model": "api.progress", "fields": {"completionDate": null, "totalTime": 927667, "totalDistance": 426, "completed": false, "userID": "f7e530c38a4f3c32", "stageID": 1}}, {"pk": 2, "model": "api.progress", "fields": {"completionDate": null, "totalTime": 776362, "totalDistance": 208, "completed": false, "userID": "f7e530c38a4f3c32", "stageID": 4}}, {"pk": 3, "model": "api.progress", "fields": {"completionDate": null, "totalTime": 107000, "totalDistance": 40, "completed": false, "userID": "f7e530c38a4f3c32", "stageID": 14}}, {"pk": 4, "model": "api.progress", "fields": {"completionDate": null, "totalTime": 807000, "totalDistance": 1075, "completed": false, "userID": "f7e530c38a4f3c32", "stageID": 18}}, {"pk": 5, "model": "api.progress", "fields": {"completionDate": null, "totalTime": 266000, "totalDistance": 38, "completed": false, "userID": "f7e530c38a4f3c32", "stageID": 1}}, {"pk": 6, "model": "api.progress", "fields": {"completionDate": null, "totalTime": 5850000, "totalDistance": 110, "completed": false, "userID": "f7e530c38a4f3c32", "stageID": 14}}, {"pk": 7, "model": "api.progress", "fields": {"completionDate": "2014-02-25", "totalTime": 317368, "totalDistance": 1500, "completed": true, "userID": "9484f35fe45a0870", "stageID": 1}}, {"pk": 8, "model": "api.progress", "fields": {"completionDate": "2014-02-25", "totalTime": 1225531, "totalDistance": 3500, "completed": true, "userID": "9484f35fe45a0870", "stageID": 2}}, {"pk": 9, "model": "api.progress", "fields": {"completionDate": "2014-02-25", "totalTime": 570803, "totalDistance": 1000, "completed": true, "userID": "9484f35fe45a0870", "stageID": 3}}, {"pk": 10, "model": "api.progress", "fields": {"completionDate": "2014-02-25", "totalTime": 1403004, "totalDistance": 1500, "completed": true, "userID": "9484f35fe45a0870", "stageID": 1}}, {"pk": 11, "model": "api.progress", "fields": {"completionDate": "2014-02-25", "totalTime": 6441104, "totalDistance": 3500, "completed": true, "userID": "9484f35fe45a0870", "stageID": 2}}, {"pk": 12, "model": "api.progress", "fields": {"completionDate": null, "totalTime": 1913492, "totalDistance": 805, "completed": false, "userID": "9484f35fe45a0870", "stageID": 3}}, {"pk": 13, "model": "api.progress", "fields": {"completionDate": "2014-02-25", "totalTime": 1067193, "totalDistance": 1500, "completed": true, "userID": "e4ade9027f33ceee", "stageID": 1}}, {"pk": 14, "model": "api.progress", "fields": {"completionDate": "2014-02-25", "totalTime": 4165184, "totalDistance": 3500, "completed": true, "userID": "e4ade9027f33ceee", "stageID": 2}}, {"pk": 15, "model": "api.progress", "fields": {"completionDate": "2014-02-25", "totalTime": 2331783, "totalDistance": 1000, "completed": true, "userID": "e4ade9027f33ceee", "stageID": 3}}, {"pk": 16, "model": "api.progress", "fields": {"completionDate": "2014-02-25", "totalTime": 3480247, "totalDistance": 1500, "completed": true, "userID": "e4ade9027f33ceee", "stageID": 1}}, {"pk": 17, "model": "api.progress", "fields": {"completionDate": "2014-02-25", "totalTime": 6819706, "totalDistance": 3500, "completed": true, "userID": "e4ade9027f33ceee", "stageID": 2}}, {"pk": 18, "model": "api.progress", "fields": {"completionDate": "2014-02-25", "totalTime": 1763721, "totalDistance": 1000, "completed": true, "userID": "e4ade9027f33ceee", "stageID": 3}}, {"pk": 19, "model": "api.progress", "fields": {"completionDate": "2014-02-25", "totalTime": 2522716, "totalDistance": 1500, "completed": true, "userID": "e4ade9027f33ceee", "stageID": 1}}, {"pk": 20, "model": "api.progress", "fields": {"completionDate": "2014-02-25", "totalTime": 6142202, "totalDistance": 3500, "completed": true, "userID": "e4ade9027f33ceee", "stageID": 2}}, {"pk": 21, "model": "api.progress", "fields": {"completionDate": "2014-02-25", "totalTime": 1953603, "totalDistance": 1000, "completed": true, "userID": "e4ade9027f33ceee", "stageID": 3}}, {"pk": 22, "model": "api.progress", "fields": {"completionDate": "2014-02-25", "totalTime": 3319397, "totalDistance": 1500, "completed": true, "userID": "e4ade9027f33ceee", "stageID": 1}}, {"pk": 23, "model": "api.progress", "fields": {"completionDate": null, "totalTime": 1280700, "totalDistance": 527, "completed": false, "userID": "e4ade9027f33ceee", "stageID": 2}}, {"pk": 24, "model": "api.progress", "fields": {"completionDate": null, "totalTime": 4647000, "totalDistance": 0, "completed": false, "userID": "f7e530c38a4f3c32", "stageID": 10}}, {"pk": 25, "model": "api.progress", "fields": {"completionDate": null, "totalTime": 290000, "totalDistance": 2, "completed": false, "userID": "f7e530c38a4f3c32", "stageID": 4}}, {"pk": 26, "model": "api.progress", "fields": {"completionDate": "2014-02-27", "totalTime": 2629325, "totalDistance": 2900, "completed": true, "userID": "f7e530c38a4f3c32", "stageID": 7}}, {"pk": 27, "model": "api.progress", "fields": {"completionDate": "2014-02-27", "totalTime": 1412329, "totalDistance": 1600, "completed": true, "userID": "f7e530c38a4f3c32", "stageID": 9}}, {"pk": 28, "model": "api.progress", "fields": {"completionDate": null, "totalTime": 796180, "totalDistance": 772, "completed": false, "userID": "f7e530c38a4f3c32", "stageID": 8}}, {"pk": 29, "model": "api.progress", "fields": {"completionDate": "2014-02-28", "totalTime": 1114096, "totalDistance": 1500, "completed": true, "userID": "f7e530c38a4f3c32", "stageID": 1}}, {"pk": 30, "model": "api.progress", "fields": {"completionDate": null, "totalTime": 6891482, "totalDistance": 738, "completed": false, "userID": "f7e530c38a4f3c32", "stageID": 2}}, {"pk": 31, "model": "api.progress", "fields": {"completionDate": null, "totalTime": 1761, "totalDistance": 0, "completed": false, "userID": "465ca59228c4f805", "stageID": 14}}, {"pk": 32, "model": "api.progress", "fields": {"completionDate": null, "totalTime": 38047, "totalDistance": 43, "completed": false, "userID": "7ee212a0e8319b69", "stageID": 1}}, {"pk": 33, "model": "api.progress", "fields": {"completionDate": null, "totalTime": 42763, "totalDistance": 31, "completed": false, "userID": "7ee212a0e8319b69", "stageID": 10}}, {"pk": 34, "model": "api.progress", "fields": {"completionDate": null, "totalTime": 8169640, "totalDistance": 4038, "completed": false, "userID": "5e029a949fdfad8f", "stageID": 10}}, {"pk": 35, "model": "api.progress", "fields": {"completionDate": "2014-03-19", "totalTime": 949978, "totalDistance": 1500, "completed": true, "userID": "2a46006a774cd542", "stageID": 1}}, {"pk": 36, "model": "api.progress", "fields": {"completionDate": "2014-03-19", "totalTime": 2814114, "totalDistance": 3500, "completed": true, "userID": "2a46006a774cd542", "stageID": 2}}, {"pk": 37, "model": "api.progress", "fields": {"completionDate": "2014-03-27", "totalTime": 380590, "totalDistance": 1000, "completed": true, "userID": "2a46006a774cd542", "stageID": 3}}, {"pk": 38, "model": "api.progress", "fields": {"completionDate": "2014-03-19", "totalTime": 182427, "totalDistance": 1000, "completed": true, "userID": "2a46006a774cd542", "stageID": 4}}, {"pk": 39, "model": "api.progress", "fields": {"completionDate": "2014-03-19", "totalTime": 333572, "totalDistance": 2000, "completed": true, "userID": "2a46006a774cd542", "stageID": 5}}, {"pk": 40, "model": "api.progress", "fields": {"completionDate": "2014-03-19", "totalTime": 254452, "totalDistance": 1500, "completed": true, "userID": "2a46006a774cd542", "stageID": 6}}, {"pk": 41, "model": "api.progress", "fields": {"completionDate": null, "totalTime": 32484, "totalDistance": 169, "completed": false, "userID": "2a46006a774cd542", "stageID": 7}}, {"pk": 42, "model": "api.progress", "fields": {"completionDate": "2014-03-19", "totalTime": 224034, "totalDistance": 1000, "completed": true, "userID": "2a46006a774cd542", "stageID": 4}}, {"pk": 43, "model": "api.progress", "fields": {"completionDate": "2014-03-27", "totalTime": 637741, "totalDistance": 2000, "completed": true, "userID": "2a46006a774cd542", "stageID": 5}}, {"pk": 44, "model": "api.progress", "fields": {"completionDate": null, "totalTime": 412000, "totalDistance": 159, "completed": false, "userID": "f7e530c38a4f3c32", "stageID": 10}}, {"pk": 45, "model": "api.progress", "fields": {"completionDate": null, "totalTime": 70000, "totalDistance": 103, "completed": false, "userID": "d3ff351879e910ba", "stageID": 10}}, {"pk": 46, "model": "api.progress", "fields": {"completionDate": null, "totalTime": 24110, "totalDistance": 46, "completed": false, "userID": "367542602d7d9cda", "stageID": 10}}, {"pk": 47, "model": "api.progress", "fields": {"completionDate": null, "totalTime": 112603, "totalDistance": 2, "completed": false, "userID": "56a8db4c54d600b4", "stageID": 1}}, {"pk": 48, "model": "api.progress", "fields": {"completionDate": null, "totalTime": 1077507, "totalDistance": 1475, "completed": false, "userID": "2a46006a774cd542", "stageID": 6}}, {"pk": 49, "model": "api.progress", "fields": {"completionDate": null, "totalTime": 18000, "totalDistance": 15, "completed": false, "userID": "be9f31685098d56c", "stageID": 1}}, {"pk": 1, "model": "api.achievement", "fields": {"name": "Broadway! - Bronze", "route": 6, "value": "B", "type": "C", "metric": 2466666.6666666665, "description": "Broadway! - Bronze"}}, {"pk": 2, "model": "api.achievement", "fields": {"name": "Broadway! - Silver", "route": 6, "value": "S", "type": "C", "metric": 1850000.0, "description": "Broadway! - Bronze"}}, {"pk": 3, "model": "api.achievement", "fields": {"name": "Broadway! - Gold", "route": 6, "value": "G", "type": "C", "metric": 1233333.3333333333, "description": "Broadway! - Gold"}}, {"pk": 4, "model": "api.achievement", "fields": {"name": "Brooklyn Bridge - Bronze", "route": 5, "value": "B", "type": "C", "metric": 1266666.6666666667, "description": "Brooklyn Bridge - Bronze"}}, {"pk": 5, "model": "api.achievement", "fields": {"name": "Brooklyn Bridge - Silver", "route": 5, "value": "S", "type": "C", "metric": 950000.0, "description": "Brooklyn Bridge - Bronze"}}, {"pk": 6, "model": "api.achievement", "fields": {"name": "Brooklyn Bridge - Gold", "route": 5, "value": "G", "type": "C", "metric": 633333.3333333334, "description": "Brooklyn Bridge - Gold"}}, {"pk": 7, "model": "api.achievement", "fields": {"name": "Central Park Circuit - Bronze", "route": 4, "value": "B", "type": "C", "metric": 6733333.333333333, "description": "Central Park Circuit - Bronze"}}, {"pk": 8, "model": "api.achievement", "fields": {"name": "Central Park Circuit - Silver", "route": 4, "value": "S", "type": "C", "metric": 5050000.0, "description": "Central Park Circuit - Bronze"}}, {"pk": 9, "model": "api.achievement", "fields": {"name": "Central Park Circuit - Gold", "route": 4, "value": "G", "type": "C", "metric": 3366666.6666666665, "description": "Central Park Circuit - Gold"}}, {"pk": 10, "model": "api.achievement", "fields": {"name": "Whiting Bay to Ballymeanoch Wood - Bronze", "route": 3, "value": "B", "type": "C", "metric": 4066666.6666666665, "description": "Whiting Bay to Ballymeanoch Wood - Bronze"}}, {"pk": 11, "model": "api.achievement", "fields": {"name": "Whiting Bay to Ballymeanoch Wood - Silver", "route": 3, "value": "S", "type": "C", "metric": 3050000.0, "description": "Whiting Bay to Ballymeanoch Wood - Bronze"}}, {"pk": 12, "model": "api.achievement", "fields": {"name": "Whiting Bay to Ballymeanoch Wood - Gold", "route": 3, "value": "G", "type": "C", "metric": 2033333.3333333333, "description": "Whiting Bay to Ballymeanoch Wood - Gold"}}, {"pk": 13, "model": "api.achievement", "fields": {"name": "Lamlash to Whiting Bay - Bronze", "route": 2, "value": "B", "type": "C", "metric": 3000000.0, "description": "Lamlash to Whiting Bay - Bronze"}}, {"pk": 14, "model": "api.achievement", "fields": {"name": "Lamlash to Whiting Bay - Silver", "route": 2, "value": "S", "type": "C", "metric": 2250000.0, "description": "Lamlash to Whiting Bay - Bronze"}}, {"pk": 15, "model": "api.achievement", "fields": {"name": "Lamlash to Whiting Bay - Gold", "route": 2, "value": "G", "type": "C", "metric": 1500000.0, "description": "Lamlash to Whiting Bay - Gold"}}, {"pk": 16, "model": "api.achievement", "fields": {"name": "Brodick to Lamlash - Bronze", "route": 1, "value": "B", "type": "C", "metric": 4000000.0, "description": "Brodick to Lamlash - Bronze"}}, {"pk": 17, "model": "api.achievement", "fields": {"name": "Brodick to Lamlash - Silver", "route": 1, "value": "S", "type": "C", "metric": 3000000.0, "description": "Brodick to Lamlash - Bronze"}}, {"pk": 18, "model": "api.achievement", "fields": {"name": "Brodick to Lamlash - Gold", "route": 1, "value": "G", "type": "C", "metric": 2000000.0, "description": "Brodick to Lamlash - Gold"}}, {"pk": 19, "model": "api.achievement", "fields": {"name": "Ballymeanoch Wood - Bronze", "route": 3, "value": "B", "type": "C", "metric": 4066666.6666666665, "description": "Ballymeanoch Wood - Bronze"}}, {"pk": 20, "model": "api.achievement", "fields": {"name": "Ballymeanoch Wood - Silver", "route": 3, "value": "S", "type": "C", "metric": 3050000.0, "description": "Ballymeanoch Wood - Bronze"}}, {"pk": 21, "model": "api.achievement", "fields": {"name": "Ballymeanoch Wood - Gold", "route": 3, "value": "G", "type": "C", "metric": 2033333.3333333333, "description": "Ballymeanoch Wood - Gold"}}, {"pk": 4, "model": "api.userachievement", "fields": {"completionDate": "2014-02-25", "achievementID": 16, "userID": "9484f35fe45a0870"}}, {"pk": 5, "model": "api.userachievement", "fields": {"completionDate": "2014-02-25", "achievementID": 17, "userID": "9484f35fe45a0870"}}, {"pk": 6, "model": "api.userachievement", "fields": {"completionDate": "2014-03-19", "achievementID": 13, "userID": "2a46006a774cd542"}}, {"pk": 7, "model": "api.userachievement", "fields": {"completionDate": "2014-03-19", "achievementID": 14, "userID": "2a46006a774cd542"}}, {"pk": 8, "model": "api.userachievement", "fields": {"completionDate": "2014-03-19", "achievementID": 15, "userID": "2a46006a774cd542"}}, {"pk": 4, "model": "api.routeprogress", "fields": {"progress": 9, "completed": true, "allProgress": [7, 8, 9], "distance": 6000, "time": 2822269}}, {"pk": 5, "model": "api.routeprogress", "fields": {"progress": 12, "completed": false, "allProgress": [10, 11, 12], "distance": 5805, "time": 10340288}}, {"pk": 6, "model": "api.routeprogress", "fields": {"progress": 15, "completed": true, "allProgress": [13, 14, 15], "distance": 6000, "time": 10180666}}, {"pk": 7, "model": "api.routeprogress", "fields": {"progress": 18, "completed": true, "allProgress": [16, 17, 18], "distance": 6000, "time": 15334249}}, {"pk": 8, "model": "api.routeprogress", "fields": {"progress": 21, "completed": true, "allProgress": [19, 20, 21], "distance": 6000, "time": 14143337}}, {"pk": 9, "model": "api.routeprogress", "fields": {"progress": 23, "completed": false, "allProgress": [22, 23], "distance": 2027, "time": 4163591}}, {"pk": 10, "model": "api.routeprogress", "fields": {"progress": 30, "completed": false, "allProgress": [29, 30], "distance": 2251, "time": 8163092}}, {"pk": 11, "model": "api.routeprogress", "fields": {"progress": 31, "completed": false, "allProgress": [31], "distance": 0, "time": 1761}}, {"pk": 12, "model": "api.routeprogress", "fields": {"progress": 32, "completed": false, "allProgress": [32], "distance": 43, "time": 40048}}, {"pk": 13, "model": "api.routeprogress", "fields": {"progress": 33, "completed": false, "allProgress": [33], "distance": 31, "time": 42763}}, {"pk": 14, "model": "api.routeprogress", "fields": {"progress": 34, "completed": false, "allProgress": [34], "distance": 4038, "time": 8169640}}, {"pk": 15, "model": "api.routeprogress", "fields": {"progress": 37, "completed": true, "allProgress": [35, 36, 37], "distance": 5870, "time": 6890906}}, {"pk": 16, "model": "api.routeprogress", "fields": {"progress": 40, "completed": true, "allProgress": [38, 39, 40], "distance": 823, "time": 0}}, {"pk": 17, "model": "api.routeprogress", "fields": {"progress": 41, "completed": false, "allProgress": [41], "distance": 0, "time": 0}}, {"pk": 18, "model": "api.routeprogress", "fields": {"progress": 48, "completed": false, "allProgress": [43, 48], "distance": 554, "time": 0}}, {"pk": 19, "model": "api.routeprogress", "fields": {"progress": 44, "completed": false, "allProgress": [44], "distance": 159, "time": 412000}}, {"pk": 20, "model": "api.routeprogress", "fields": {"progress": 45, "completed": false, "allProgress": [45], "distance": 103, "time": 70000}}, {"pk": 21, "model": "api.routeprogress", "fields": {"progress": 46, "completed": false, "allProgress": [46], "distance": 46, "time": 24110}}, {"pk": 22, "model": "api.routeprogress", "fields": {"progress": 47, "completed": false, "allProgress": [47], "distance": 2, "time": 120660}}, {"pk": 23, "model": "api.routeprogress", "fields": {"progress": 49, "completed": false, "allProgress": [49], "distance": 15, "time": 18000}}, {"pk": 7, "model": "api.routescompleted", "fields": {"completionDate": null, "bestTime": 2822269, "completed": true, "userID": "9484f35fe45a0870", "currentJourney": 5, "routeID": 1, "allJourneys": [4, 5]}}, {"pk": 8, "model": "api.routescompleted", "fields": {"completionDate": null, "bestTime": 10180666, "completed": true, "userID": "e4ade9027f33ceee", "currentJourney": 9, "routeID": 1, "allJourneys": [6, 7, 8, 9]}}, {"pk": 9, "model": "api.routescompleted", "fields": {"completionDate": null, "bestTime": 0, "completed": false, "userID": "f7e530c38a4f3c32", "currentJourney": 10, "routeID": 1, "allJourneys": [10]}}, {"pk": 10, "model": "api.routescompleted", "fields": {"completionDate": null, "bestTime": 0, "completed": false, "userID": "465ca59228c4f805", "currentJourney": 11, "routeID": 5, "allJourneys": [11]}}, {"pk": 11, "model": "api.routescompleted", "fields": {"completionDate": null, "bestTime": 0, "completed": false, "userID": "7ee212a0e8319b69", "currentJourney": 12, "routeID": 1, "allJourneys": [12]}}, {"pk": 12, "model": "api.routescompleted", "fields": {"completionDate": null, "bestTime": 0, "completed": false, "userID": "7ee212a0e8319b69", "currentJourney": 13, "routeID": 4, "allJourneys": [13]}}, {"pk": 13, "model": "api.routescompleted", "fields": {"completionDate": null, "bestTime": 0, "completed": false, "userID": "5e029a949fdfad8f", "currentJourney": 14, "routeID": 4, "allJourneys": [14]}}, {"pk": 14, "model": "api.routescompleted", "fields": {"completionDate": null, "bestTime": 4172631, "completed": true, "userID": "2a46006a774cd542", "currentJourney": 15, "routeID": 1, "allJourneys": [15]}}, {"pk": 15, "model": "api.routescompleted", "fields": {"completionDate": null, "bestTime": 0, "completed": true, "userID": "2a46006a774cd542", "currentJourney": 18, "routeID": 2, "allJourneys": [16, 18]}}, {"pk": 16, "model": "api.routescompleted", "fields": {"completionDate": null, "bestTime": 0, "completed": false, "userID": "2a46006a774cd542", "currentJourney": 17, "routeID": 3, "allJourneys": [17]}}, {"pk": 17, "model": "api.routescompleted", "fields": {"completionDate": null, "bestTime": 0, "completed": false, "userID": "f7e530c38a4f3c32", "currentJourney": 19, "routeID": 4, "allJourneys": [19]}}, {"pk": 18, "model": "api.routescompleted", "fields": {"completionDate": null, "bestTime": 0, "completed": false, "userID": "d3ff351879e910ba", "currentJourney": 20, "routeID": 4, "allJourneys": [20]}}, {"pk": 19, "model": "api.routescompleted", "fields": {"completionDate": null, "bestTime": 0, "completed": false, "userID": "367542602d7d9cda", "currentJourney": 21, "routeID": 4, "allJourneys": [21]}}, {"pk": 20, "model": "api.routescompleted", "fields": {"completionDate": null, "bestTime": 0, "completed": false, "userID": "56a8db4c54d600b4", "currentJourney": 22, "routeID": 1, "allJourneys": [22]}}, {"pk": 21, "model": "api.routescompleted", "fields": {"completionDate": null, "bestTime": 0, "completed": false, "userID": "be9f31685098d56c", "currentJourney": 23, "routeID": 1, "allJourneys": [23]}}, {"pk": 31, "model": "api.session", "fields": {"totalTime": 4000, "distance": 0, "lastLon": -4.29257897, "routesDone": 0, "routesCompleted": null, "userID": "f7e530c38a4f3c32", "stagesCompleted": 0, "lastTime": 1392035207000, "lastLat": 55.86471793}}, {"pk": 55, "model": "api.session", "fields": {"totalTime": 0, "distance": 0, "lastLon": -3.2027487, "routesDone": 0, "routesCompleted": 7, "userID": "9484f35fe45a0870", "stagesCompleted": 0, "lastTime": 1393320637470, "lastLat": 55.94958197}}, {"pk": 58, "model": "api.session", "fields": {"totalTime": 0, "distance": 0, "lastLon": -4.343768768767314, "routesDone": 0, "routesCompleted": 8, "userID": "e4ade9027f33ceee", "stagesCompleted": 0, "lastTime": 1393351868876, "lastLat": 55.896702966791324}}, {"pk": 59, "model": "api.session", "fields": {"totalTime": 376000, "distance": 480, "lastLon": -4.29037327, "routesDone": 0, "routesCompleted": 9, "userID": "f7e530c38a4f3c32", "stagesCompleted": 0, "lastTime": 1393583614000, "lastLat": 55.86572779}}, {"pk": 60, "model": "api.session", "fields": {"totalTime": 794000, "distance": 1100, "lastLon": -4.29207966, "routesDone": 0, "routesCompleted": 9, "userID": "f7e530c38a4f3c32", "stagesCompleted": 1, "lastTime": 1393595275000, "lastLat": 55.87363226}}, {"pk": 61, "model": "api.session", "fields": {"totalTime": 6034, "distance": 5, "lastLon": -3.70059384, "routesDone": 0, "routesCompleted": 7, "userID": "9484f35fe45a0870", "stagesCompleted": 0, "lastTime": 1393624117766, "lastLat": 55.98654933}}, {"pk": 62, "model": "api.session", "fields": {"totalTime": 1761, "distance": 0, "lastLon": 45.10356318531125, "routesDone": 0, "routesCompleted": 10, "userID": "465ca59228c4f805", "stagesCompleted": 0, "lastTime": 1393808447000, "lastLat": 37.52528134849997}}, {"pk": 63, "model": "api.session", "fields": {"totalTime": 0, "distance": 0, "lastLon": -4.29176069, "routesDone": 0, "routesCompleted": 9, "userID": "f7e530c38a4f3c32", "stagesCompleted": 0, "lastTime": 1393934408000, "lastLat": 55.87310257}}, {"pk": 64, "model": "api.session", "fields": {"totalTime": 69000, "distance": 17, "lastLon": -4.29228657, "routesDone": 0, "routesCompleted": 9, "userID": "f7e530c38a4f3c32", "stagesCompleted": 0, "lastTime": 1394310519000, "lastLat": 55.86463897}}, {"pk": 65, "model": "api.session", "fields": {"totalTime": 250000, "distance": 11, "lastLon": -4.29227239, "routesDone": 0, "routesCompleted": 9, "userID": "f7e530c38a4f3c32", "stagesCompleted": 0, "lastTime": 1394310825000, "lastLat": 55.86478967}}, {"pk": 66, "model": "api.session", "fields": {"totalTime": 73000, "distance": 0, "lastLon": -4.29228333, "routesDone": 0, "routesCompleted": 9, "userID": "f7e530c38a4f3c32", "stagesCompleted": 0, "lastTime": 1394311300000, "lastLat": 55.86478283}}, {"pk": 67, "model": "api.session", "fields": {"totalTime": 6000, "distance": 0, "lastLon": -4.29231931, "routesDone": 0, "routesCompleted": 9, "userID": "f7e530c38a4f3c32", "stagesCompleted": 0, "lastTime": 1394311808000, "lastLat": 55.86476684}}, {"pk": 68, "model": "api.session", "fields": {"totalTime": 7000, "distance": 0, "lastLon": -4.29231779, "routesDone": 0, "routesCompleted": 9, "userID": "f7e530c38a4f3c32", "stagesCompleted": 0, "lastTime": 1394311865000, "lastLat": 55.86476104}}, {"pk": 69, "model": "api.session", "fields": {"totalTime": 4000, "distance": 0, "lastLon": -4.29231939, "routesDone": 0, "routesCompleted": 9, "userID": "f7e530c38a4f3c32", "stagesCompleted": 0, "lastTime": 1394311933000, "lastLat": 55.86476046}}, {"pk": 70, "model": "api.session", "fields": {"totalTime": 73000, "distance": 0, "lastLon": -4.29232175, "routesDone": 0, "routesCompleted": 9, "userID": "f7e530c38a4f3c32", "stagesCompleted": 0, "lastTime": 1394312113000, "lastLat": 55.86475581}}, {"pk": 71, "model": "api.session", "fields": {"totalTime": 77000, "distance": 0, "lastLon": -4.29232138, "routesDone": 0, "routesCompleted": 9, "userID": "f7e530c38a4f3c32", "stagesCompleted": 0, "lastTime": 1394312335000, "lastLat": 55.86475276}}, {"pk": 72, "model": "api.session", "fields": {"totalTime": 493000, "distance": 0, "lastLon": -4.29231999, "routesDone": 0, "routesCompleted": 9, "userID": "f7e530c38a4f3c32", "stagesCompleted": 0, "lastTime": 1394312912000, "lastLat": 55.86473727}}, {"pk": 73, "model": "api.session", "fields": {"totalTime": 4000, "distance": 0, "lastLon": -4.29232099, "routesDone": 0, "routesCompleted": 9, "userID": "f7e530c38a4f3c32", "stagesCompleted": 0, "lastTime": 1394313041000, "lastLat": 55.86473901}}, {"pk": 74, "model": "api.session", "fields": {"totalTime": 69000, "distance": 0, "lastLon": -4.29231817, "routesDone": 0, "routesCompleted": 9, "userID": "f7e530c38a4f3c32", "stagesCompleted": 0, "lastTime": 1394313236000, "lastLat": 55.86473919}}, {"pk": 75, "model": "api.session", "fields": {"totalTime": 7000, "distance": 0, "lastLon": -4.29231797, "routesDone": 0, "routesCompleted": 9, "userID": "f7e530c38a4f3c32", "stagesCompleted": 0, "lastTime": 1394313396000, "lastLat": 55.86473512}}, {"pk": 76, "model": "api.session", "fields": {"totalTime": 129000, "distance": 0, "lastLon": -4.29231583, "routesDone": 0, "routesCompleted": 9, "userID": "f7e530c38a4f3c32", "stagesCompleted": 0, "lastTime": 1394313707000, "lastLat": 55.86473122}}, {"pk": 77, "model": "api.session", "fields": {"totalTime": 70000, "distance": 52, "lastLon": -4.29241822, "routesDone": 0, "routesCompleted": 9, "userID": "f7e530c38a4f3c32", "stagesCompleted": 0, "lastTime": 1394544045000, "lastLat": 55.87425715}}, {"pk": 78, "model": "api.session", "fields": {"totalTime": 5000, "distance": 5, "lastLon": -4.29245657, "routesDone": 0, "routesCompleted": 9, "userID": "f7e530c38a4f3c32", "stagesCompleted": 0, "lastTime": 1394544421000, "lastLat": 55.87425251}}, {"pk": 79, "model": "api.session", "fields": {"totalTime": 265162, "distance": 52, "lastLon": -4.2925467, "routesDone": 0, "routesCompleted": 9, "userID": "f7e530c38a4f3c32", "stagesCompleted": 0, "lastTime": 1394568549000, "lastLat": 55.86483319}}, {"pk": 80, "model": "api.session", "fields": {"totalTime": 0, "distance": 0, "lastLon": -4.29252897, "routesDone": 0, "routesCompleted": 9, "userID": "f7e530c38a4f3c32", "stagesCompleted": 0, "lastTime": 1394568659000, "lastLat": 55.86482521}}, {"pk": 81, "model": "api.session", "fields": {"totalTime": 69000, "distance": 7, "lastLon": -4.29241848, "routesDone": 0, "routesCompleted": 9, "userID": "f7e530c38a4f3c32", "stagesCompleted": 0, "lastTime": 1394568980000, "lastLat": 55.86474991}}, {"pk": 82, "model": "api.session", "fields": {"totalTime": 0, "distance": 0, "lastLon": -4.2923967, "routesDone": 0, "routesCompleted": 9, "userID": "f7e530c38a4f3c32", "stagesCompleted": 0, "lastTime": 1394569064000, "lastLat": 55.86474709}}, {"pk": 83, "model": "api.session", "fields": {"totalTime": 38000, "distance": 29, "lastLon": -4.29220278, "routesDone": 0, "routesCompleted": 9, "userID": "f7e530c38a4f3c32", "stagesCompleted": 0, "lastTime": 1394645234000, "lastLat": 55.8645963}}, {"pk": 84, "model": "api.session", "fields": {"totalTime": 1203000, "distance": 27, "lastLon": -4.29235467, "routesDone": 0, "routesCompleted": 9, "userID": "f7e530c38a4f3c32", "stagesCompleted": 0, "lastTime": 1394646755000, "lastLat": 55.86469092}}, {"pk": 85, "model": "api.session", "fields": {"totalTime": 2796000, "distance": 59, "lastLon": -4.29236361, "routesDone": 0, "routesCompleted": 9, "userID": "f7e530c38a4f3c32", "stagesCompleted": 0, "lastTime": 1394651351000, "lastLat": 55.86469176}}, {"pk": 86, "model": "api.session", "fields": {"totalTime": 35000, "distance": 27, "lastLon": -4.29244317, "routesDone": 0, "routesCompleted": 9, "userID": "f7e530c38a4f3c32", "stagesCompleted": 0, "lastTime": 1394661816000, "lastLat": 55.86469703}}, {"pk": 87, "model": "api.session", "fields": {"totalTime": 23000, "distance": 9, "lastLon": -4.29213895, "routesDone": 0, "routesCompleted": 9, "userID": "f7e530c38a4f3c32", "stagesCompleted": 0, "lastTime": 1394662016000, "lastLat": 55.86498609}}, {"pk": 88, "model": "api.session", "fields": {"totalTime": 15000, "distance": 6, "lastLon": -4.29219039, "routesDone": 0, "routesCompleted": 9, "userID": "f7e530c38a4f3c32", "stagesCompleted": 0, "lastTime": 1394662142000, "lastLat": 55.86475771}}, {"pk": 89, "model": "api.session", "fields": {"totalTime": 261000, "distance": 3, "lastLon": -4.2921969, "routesDone": 0, "routesCompleted": 9, "userID": "f7e530c38a4f3c32", "stagesCompleted": 0, "lastTime": 1394662694000, "lastLat": 55.86475265}}, {"pk": 90, "model": "api.session", "fields": {"totalTime": 89000, "distance": 0, "lastLon": -4.29220584, "routesDone": 0, "routesCompleted": 9, "userID": "f7e530c38a4f3c32", "stagesCompleted": 0, "lastTime": 1394663157000, "lastLat": 55.86474764}}, {"pk": 91, "model": "api.session", "fields": {"totalTime": 87000, "distance": 0, "lastLon": -4.29219682, "routesDone": 0, "routesCompleted": 9, "userID": "f7e530c38a4f3c32", "stagesCompleted": 0, "lastTime": 1394663275000, "lastLat": 55.86475464}}, {"pk": 92, "model": "api.session", "fields": {"totalTime": 98000, "distance": 0, "lastLon": -4.29221508, "routesDone": 0, "routesCompleted": 9, "userID": "f7e530c38a4f3c32", "stagesCompleted": 0, "lastTime": 1394663400000, "lastLat": 55.86474099}}, {"pk": 93, "model": "api.session", "fields": {"totalTime": 84000, "distance": 0, "lastLon": -4.292226, "routesDone": 0, "routesCompleted": 9, "userID": "f7e530c38a4f3c32", "stagesCompleted": 0, "lastTime": 1394663510000, "lastLat": 55.8647315}}, {"pk": 94, "model": "api.session", "fields": {"totalTime": 15000, "distance": 0, "lastLon": -4.29222863, "routesDone": 0, "routesCompleted": 9, "userID": "f7e530c38a4f3c32", "stagesCompleted": 0, "lastTime": 1394663900000, "lastLat": 55.86472991}}, {"pk": 95, "model": "api.session", "fields": {"totalTime": 38047, "distance": 43, "lastLon": -4.26738915790892, "routesDone": 0, "routesCompleted": 11, "userID": "7ee212a0e8319b69", "stagesCompleted": 0, "lastTime": 1394732749859, "lastLat": 55.872043602831454}}, {"pk": 96, "model": "api.session", "fields": {"totalTime": 42763, "distance": 31, "lastLon": -4.2678461624447355, "routesDone": 0, "routesCompleted": 12, "userID": "7ee212a0e8319b69", "stagesCompleted": 0, "lastTime": 1394732843444, "lastLat": 55.87236912582751}}, {"pk": 97, "model": "api.session", "fields": {"totalTime": 8169640, "distance": 4038, "lastLon": -3.698858855196934, "routesDone": 0, "routesCompleted": 13, "userID": "5e029a949fdfad8f", "stagesCompleted": 0, "lastTime": 1394809023865, "lastLat": 55.986838679544626}}, {"pk": 98, "model": "api.session", "fields": {"totalTime": 12000, "distance": 10, "lastLon": -4.29267706, "routesDone": 0, "routesCompleted": 9, "userID": "f7e530c38a4f3c32", "stagesCompleted": 0, "lastTime": 1395009321000, "lastLat": 55.86499073}}, {"pk": 99, "model": "api.session", "fields": {"totalTime": 200031, "distance": 341, "lastLon": -4.25249774, "routesDone": 0, "routesCompleted": 14, "userID": "2a46006a774cd542", "stagesCompleted": 0, "lastTime": 1395221720293, "lastLat": 55.86224484}}, {"pk": 100, "model": "api.session", "fields": {"totalTime": 395417, "distance": 339, "lastLon": -4.2922468, "routesDone": 0, "routesCompleted": 9, "userID": "f7e530c38a4f3c32", "stagesCompleted": 0, "lastTime": 1395231319000, "lastLat": 55.87364766}}, {"pk": 101, "model": "api.session", "fields": {"totalTime": 5465642, "distance": 12514, "lastLon": -4.13114494, "routesDone": 0, "routesCompleted": 14, "userID": "2a46006a774cd542", "stagesCompleted": 26, "lastTime": 1395250665642, "lastLat": 55.93782911}}, {"pk": 102, "model": "api.session", "fields": {"totalTime": 412000, "distance": 159, "lastLon": -4.29229305, "routesDone": 0, "routesCompleted": 17, "userID": "f7e530c38a4f3c32", "stagesCompleted": 0, "lastTime": 1395508987000, "lastLat": 55.86480063}}, {"pk": 103, "model": "api.session", "fields": {"totalTime": 55000, "distance": 94, "lastLon": -3.1019553635269403, "routesDone": 0, "routesCompleted": 18, "userID": "d3ff351879e910ba", "stagesCompleted": 0, "lastTime": 1395692504000, "lastLat": 55.944552845321596}}, {"pk": 104, "model": "api.session", "fields": {"totalTime": 12109, "distance": 23, "lastLon": -4.293008946433535, "routesDone": 0, "routesCompleted": 19, "userID": "367542602d7d9cda", "stagesCompleted": 0, "lastTime": 1395764993000, "lastLat": 55.873606380167956}}, {"pk": 105, "model": "api.session", "fields": {"totalTime": 8000, "distance": 0, "lastLon": -4.292729715247939, "routesDone": 0, "routesCompleted": 19, "userID": "367542602d7d9cda", "stagesCompleted": 0, "lastTime": 1395765009000, "lastLat": 55.87359604287395}}, {"pk": 106, "model": "api.session", "fields": {"totalTime": 84283, "distance": 1, "lastLon": 92.48773452225288, "routesDone": 0, "routesCompleted": 20, "userID": "56a8db4c54d600b4", "stagesCompleted": 0, "lastTime": 1395848402200, "lastLat": -56.164385453794026}}, {"pk": 107, "model": "api.session", "fields": {"totalTime": 22775, "distance": 0, "lastLon": 92.18035510710162, "routesDone": 0, "routesCompleted": 20, "userID": "56a8db4c54d600b4", "stagesCompleted": 0, "lastTime": 1395848492657, "lastLat": -55.90631980859738}}, {"pk": 108, "model": "api.session", "fields": {"totalTime": 1210245, "distance": 2264, "lastLon": -4.25324519, "routesDone": 0, "routesCompleted": 14, "userID": "2a46006a774cd542", "stagesCompleted": 13, "lastTime": 1395913473245, "lastLat": 55.86332443}}, {"pk": 109, "model": "api.session", "fields": {"totalTime": 16000, "distance": 10, "lastLon": -4.26778935, "routesDone": 0, "routesCompleted": 21, "userID": "be9f31685098d56c", "stagesCompleted": 0, "lastTime": 1395974560000, "lastLat": 55.87174788}}, {"pk": 110, "model": "api.session", "fields": {"totalTime": 2000, "distance": 5, "lastLon": -4.26787722, "routesDone": 0, "routesCompleted": 21, "userID": "be9f31685098d56c", "stagesCompleted": 0, "lastTime": 1395974580000, "lastLat": 55.8717548}}]
